"KT-CP0089-0001","KT-CP0089-0211","KT-CP0089-0331"
"KT-CP0089-0002","KT-CP0089-0212","KT-CP0089-0332"
"KT-CP0089-0003","KT-CP0089-0213","KT-CP0089-0333"
"KT-CP0089-0004","KT-CP0089-0214","KT-CP0089-0334"
"KT-CP0089-0005","KT-CP0089-0215","KT-CP0089-0335"
"KT-CP0089-0006","KT-CP0089-0216","KT-CP0089-0336"
"KT-CP0089-0007","KT-CP0089-0217","KT-CP0089-0337"
"KT-CP0089-0008","KT-CP0089-0218","KT-CP0089-0338"
"KT-CP0089-0009","KT-CP0089-0219","KT-CP0089-0339"
"KT-CP0089-0010","KT-CP0089-0220","KT-CP0089-0340"
"KT-CP0089-0011","KT-CP0089-0221","KT-CP0089-0341"
"KT-CP0089-0012","KT-CP0089-0222","KT-CP0089-0342"
"KT-CP0089-0013","KT-CP0089-0223","KT-CP0089-0343"
"KT-CP0089-0014","KT-CP0089-0224","KT-CP0089-0344"
"KT-CP0089-0015","KT-CP0089-0225","KT-CP0089-0345"
"KT-CP0089-0016","KT-CP0089-0226","KT-CP0089-0346"
"KT-CP0089-0017","KT-CP0089-0227","KT-CP0089-0347"
"KT-CP0089-0018","KT-CP0089-0228","KT-CP0089-0348"
"KT-CP0089-0019","KT-CP0089-0229","KT-CP0089-0349"
"KT-CP0089-0020","KT-CP0089-0230","KT-CP0089-0350"
"KT-CP0089-0021","KT-CP0089-0231","KT-CP0089-0351"
"KT-CP0089-0022","KT-CP0089-0232","KT-CP0089-0352"
"KT-CP0089-0023","KT-CP0089-0233","KT-CP0089-0353"
"KT-CP0089-0024","KT-CP0089-0234","KT-CP0089-0354"
"KT-CP0089-0025","KT-CP0089-0235","KT-CP0089-0355"
"KT-CP0089-0026","KT-CP0089-0236","KT-CP0089-0356"
"KT-CP0089-0027","KT-CP0089-0237","KT-CP0089-0357"
"KT-CP0089-0028","KT-CP0089-0238","KT-CP0089-0358"
"KT-CP0089-0029","KT-CP0089-0239","KT-CP0089-0359"
"KT-CP0089-0030","KT-CP0089-0240","KT-CP0089-0360"
"KT-CP0089-0031","KT-CP0089-0241","KT-CP0089-0361"
"KT-CP0089-0032","KT-CP0089-0242","KT-CP0089-0362"
"KT-CP0089-0033","KT-CP0089-0243","KT-CP0089-0363"
"KT-CP0089-0034","KT-CP0089-0244","KT-CP0089-0364"
"KT-CP0089-0035","KT-CP0089-0245","KT-CP0089-0365"
"KT-CP0089-0036","KT-CP0089-0246","KT-CP0089-0366"
"KT-CP0089-0037","KT-CP0089-0247","KT-CP0089-0367"
"KT-CP0089-0038","KT-CP0089-0248","KT-CP0089-0368"
"KT-CP0089-0039","KT-CP0089-0249","KT-CP0089-0369"
"KT-CP0089-0040","KT-CP0089-0250","KT-CP0089-0370"
"KT-CP0089-0041","KT-CP0089-0251","KT-CP0089-0371"
"KT-CP0089-0042","KT-CP0089-0252","KT-CP0089-0372"
"KT-CP0089-0043","KT-CP0089-0253","KT-CP0089-0373"
"KT-CP0089-0044","KT-CP0089-0254","KT-CP0089-0374"
"KT-CP0089-0045","KT-CP0089-0255","KT-CP0089-0375"
"KT-CP0089-0046","KT-CP0089-0256","KT-CP0089-0376"
"KT-CP0089-0047","KT-CP0089-0257","KT-CP0089-0377"
"KT-CP0089-0048","KT-CP0089-0258","KT-CP0089-0378"
"KT-CP0089-0049","KT-CP0089-0259","KT-CP0089-0379"
"KT-CP0089-0050","KT-CP0089-0260","KT-CP0089-0380"
"KT-CP0089-0051","KT-CP0089-0261","KT-CP0089-0381"
"KT-CP0089-0052","KT-CP0089-0262","KT-CP0089-0382"
"KT-CP0089-0053","KT-CP0089-0263","KT-CP0089-0383"
"KT-CP0089-0054","KT-CP0089-0264","KT-CP0089-0384"
"KT-CP0089-0055","KT-CP0089-0265","KT-CP0089-0385"
"KT-CP0089-0056","KT-CP0089-0266","KT-CP0089-0386"
"KT-CP0089-0057","KT-CP0089-0267","KT-CP0089-0387"
"KT-CP0089-0058","KT-CP0089-0268","KT-CP0089-0388"
"KT-CP0089-0059","KT-CP0089-0269","KT-CP0089-0389"
"KT-CP0089-0060","KT-CP0089-0270","KT-CP0089-0390"
"KT-CP0089-0061","KT-CP0089-0271","KT-CP0089-0391"
"KT-CP0089-0062","KT-CP0089-0272","KT-CP0089-0392"
"KT-CP0089-0063","KT-CP0089-0273","KT-CP0089-0393"
"KT-CP0089-0064","KT-CP0089-0274","KT-CP0089-0394"
"KT-CP0089-0065","KT-CP0089-0275","KT-CP0089-0395"
"KT-CP0089-0066","KT-CP0089-0276","KT-CP0089-0396"
"KT-CP0089-0067","KT-CP0089-0277","KT-CP0089-0397"
"KT-CP0089-0068","KT-CP0089-0278","KT-CP0089-0398"
"KT-CP0089-0069","KT-CP0089-0279","KT-CP0089-0399"
"KT-CP0089-0070","KT-CP0089-0280","KT-CP0089-0400"
"KT-CP0089-0071","KT-CP0089-0281","KT-CP0089-0401"
"KT-CP0089-0072","KT-CP0089-0282","KT-CP0089-0402"
"KT-CP0089-0073","KT-CP0089-0283","KT-CP0089-0403"
"KT-CP0089-0074","KT-CP0089-0284","KT-CP0089-0404"
"KT-CP0089-0075","KT-CP0089-0285","KT-CP0089-0405"
"KT-CP0089-0076","KT-CP0089-0286","KT-CP0089-0406"
"KT-CP0089-0077","KT-CP0089-0287","KT-CP0089-0407"
"KT-CP0089-0078","KT-CP0089-0288","KT-CP0089-0408"
"KT-CP0089-0079","KT-CP0089-0289","KT-CP0089-0409"
"KT-CP0089-0080","KT-CP0089-0290","KT-CP0089-0410"
"KT-CP0089-0081","KT-CP0089-0291","KT-CP0089-0411"
"KT-CP0089-0082","KT-CP0089-0292","KT-CP0089-0412"
"KT-CP0089-0083","KT-CP0089-0293","KT-CP0089-0413"
"KT-CP0089-0084","KT-CP0089-0294","KT-CP0089-0414"
"KT-CP0089-0085","KT-CP0089-0295","KT-CP0089-0415"
"KT-CP0089-0086","KT-CP0089-0296","KT-CP0089-0416"
"KT-CP0089-0087","KT-CP0089-0297","KT-CP0089-0417"
"KT-CP0089-0088","KT-CP0089-0298","KT-CP0089-0418"
"KT-CP0089-0089","KT-CP0089-0299","KT-CP0089-0419"
"KT-CP0089-0090","KT-CP0089-0300","KT-CP0089-0420"
"KT-CP0089-0091","KT-CP0089-0301","KT-CP0089-0421"
"KT-CP0089-0092","KT-CP0089-0302","KT-CP0089-0422"
"KT-CP0089-0093","KT-CP0089-0303","KT-CP0089-0423"
"KT-CP0089-0094","KT-CP0089-0304","KT-CP0089-0424"
"KT-CP0089-0095","KT-CP0089-0305","KT-CP0089-0425"
"KT-CP0089-0096","KT-CP0089-0306","KT-CP0089-0426"
"KT-CP0089-0097","KT-CP0089-0307","KT-CP0089-0427"
"KT-CP0089-0098","KT-CP0089-0308","KT-CP0089-0428"
"KT-CP0089-0099","KT-CP0089-0309","KT-CP0089-0429"
"KT-CP0089-0100","KT-CP0089-0310","KT-CP0089-0430"
"KT-CP0089-0101","KT-CP0089-0311","KT-CP0089-0431"
"KT-CP0089-0102","KT-CP0089-0312","KT-CP0089-0432"
"KT-CP0089-0103","KT-CP0089-0313","KT-CP0089-0433"
"KT-CP0089-0104","KT-CP0089-0314","KT-CP0089-0434"
"KT-CP0089-0105","KT-CP0089-0315","KT-CP0089-0435"
"KT-CP0089-0106","KT-CP0089-0316","KT-CP0089-0436"
"KT-CP0089-0107","KT-CP0089-0317","KT-CP0089-0437"
"KT-CP0089-0108","KT-CP0089-0318","KT-CP0089-0438"
"KT-CP0089-0109","KT-CP0089-0319","KT-CP0089-0439"
"KT-CP0089-0110","KT-CP0089-0320","KT-CP0089-0440"
"KT-CP0089-0111","KT-CP0089-0321","KT-CP0089-0441"
"KT-CP0089-0112","KT-CP0089-0322","KT-CP0089-0442"
"KT-CP0089-0113","KT-CP0089-0323","KT-CP0089-0443"
"KT-CP0089-0114","KT-CP0089-0324","KT-CP0089-0444"
"KT-CP0089-0115","KT-CP0089-0325","KT-CP0089-0445"
"KT-CP0089-0116","KT-CP0089-0326","KT-CP0089-0446"
"KT-CP0089-0117","KT-CP0089-0327","KT-CP0089-0447"
"KT-CP0089-0118","KT-CP0089-0328","KT-CP0089-0448"
"KT-CP0089-0119","KT-CP0089-0329","KT-CP0089-0449"
"KT-CP0089-0120","KT-CP0089-0330","KT-CP0089-0450"
"KT-CP0089-0121",,"KT-CP0089-0451"
"KT-CP0089-0122",,"KT-CP0089-0452"
"KT-CP0089-0123",,"KT-CP0089-0453"
"KT-CP0089-0124",,"KT-CP0089-0454"
"KT-CP0089-0125",,"KT-CP0089-0455"
"KT-CP0089-0126",,"KT-CP0089-0456"
"KT-CP0089-0127",,"KT-CP0089-0457"
"KT-CP0089-0128",,"KT-CP0089-0458"
"KT-CP0089-0129",,"KT-CP0089-0459"
"KT-CP0089-0130",,"KT-CP0089-0460"
"KT-CP0089-0131",,"KT-CP0089-0461"
"KT-CP0089-0132",,"KT-CP0089-0462"
"KT-CP0089-0133",,"KT-CP0089-0463"
"KT-CP0089-0134",,"KT-CP0089-0464"
"KT-CP0089-0135",,"KT-CP0089-0465"
"KT-CP0089-0136",,"KT-CP0089-0466"
"KT-CP0089-0137",,"KT-CP0089-0467"
"KT-CP0089-0138",,"KT-CP0089-0468"
"KT-CP0089-0139",,"KT-CP0089-0469"
"KT-CP0089-0140",,"KT-CP0089-0470"
"KT-CP0089-0141",,"KT-CP0089-0471"
"KT-CP0089-0142",,"KT-CP0089-0472"
"KT-CP0089-0143",,"KT-CP0089-0473"
"KT-CP0089-0144",,"KT-CP0089-0474"
"KT-CP0089-0145",,"KT-CP0089-0475"
"KT-CP0089-0146",,"KT-CP0089-0476"
"KT-CP0089-0147",,"KT-CP0089-0477"
"KT-CP0089-0148",,"KT-CP0089-0478"
"KT-CP0089-0149",,"KT-CP0089-0479"
"KT-CP0089-0150",,"KT-CP0089-0480"
"KT-CP0089-0151",,"KT-CP0089-0481"
"KT-CP0089-0152",,"KT-CP0089-0482"
"KT-CP0089-0153",,"KT-CP0089-0483"
"KT-CP0089-0154",,"KT-CP0089-0484"
"KT-CP0089-0155",,"KT-CP0089-0485"
"KT-CP0089-0156",,"KT-CP0089-0486"
"KT-CP0089-0157",,"KT-CP0089-0487"
"KT-CP0089-0158",,"KT-CP0089-0488"
"KT-CP0089-0159",,"KT-CP0089-0489"
"KT-CP0089-0160",,"KT-CP0089-0490"
"KT-CP0089-0161",,"KT-CP0089-0491"
"KT-CP0089-0162",,"KT-CP0089-0492"
"KT-CP0089-0163",,"KT-CP0089-0493"
"KT-CP0089-0164",,"KT-CP0089-0494"
"KT-CP0089-0165",,"KT-CP0089-0495"
"KT-CP0089-0166",,"KT-CP0089-0496"
"KT-CP0089-0167",,"KT-CP0089-0497"
"KT-CP0089-0168",,"KT-CP0089-0498"
"KT-CP0089-0169",,"KT-CP0089-0499"
"KT-CP0089-0170",,"KT-CP0089-0500"
"KT-CP0089-0171",,
"KT-CP0089-0172",,
"KT-CP0089-0173",,
"KT-CP0089-0174",,
"KT-CP0089-0175",,
"KT-CP0089-0176",,
"KT-CP0089-0177",,
"KT-CP0089-0178",,
"KT-CP0089-0179",,
"KT-CP0089-0180",,
"KT-CP0089-0181",,
"KT-CP0089-0182",,
"KT-CP0089-0183",,
"KT-CP0089-0184",,
"KT-CP0089-0185",,
"KT-CP0089-0186",,
"KT-CP0089-0187",,
"KT-CP0089-0188",,
"KT-CP0089-0189",,
"KT-CP0089-0190",,
"KT-CP0089-0191",,
"KT-CP0089-0192",,
"KT-CP0089-0193",,
"KT-CP0089-0194",,
"KT-CP0089-0195",,
"KT-CP0089-0196",,
"KT-CP0089-0197",,
"KT-CP0089-0198",,
"KT-CP0089-0199",,
"KT-CP0089-0200",,
"KT-CP0089-0201",,
"KT-CP0089-0202",,
"KT-CP0089-0203",,
"KT-CP0089-0204",,
"KT-CP0089-0205",,
"KT-CP0089-0206",,
"KT-CP0089-0207",,
"KT-CP0089-0208",,
"KT-CP0089-0209",,
"KT-CP0089-0210",,
